{
  "cleanUrls": true,
  "rewrites": [
    { "source": "/splash-screen", "destination": "/splash-screen.html" },
    { "source": "/scanner", "destination": "/scanner.html" },
    { "source": "/market-intelligence-hub", "destination": "/market-intelligence-hub.html" },
    { "source": "/option-clock", "destination": "/option-clock.html" },
    { "source": "/market-radar", "destination": "/market-radar.html" },
    { "source": "/razor-lab", "destination": "/razor-lab.html" },
    { "source": "/paper-trading", "destination": "/paper-trading.html" },
    { "source": "/news-terminal", "destination": "/news-terminal.html" },
    { "source": "/india-in-focus", "destination": "/india-in-focus.html" }
  ]
}